survived,pclass,sex,age,sibsp,parch,fare,embarked
1,1,male,0.4,0,0,79.68948345308306,S
1,3,female,12.367294872677508,0,0,23.194127917400998,S
1,2,female,48.911857351033646,1,0,27.24592958135701,C
1,1,female,29.05567556828686,0,0,125.42666356553258,S
0,2,male,48.41317455365702,0,0,26.094418053502025,C
0,3,male,28.39361284063144,0,0,11.095368258595501,S
1,1,female,41.04710297286981,0,1,0.0,S
0,3,male,16.63699356808366,0,0,25.526828774815705,C
1,2,female,37.29728883579372,1,2,30.6860963127189,C
1,3,female,28.39361284063144,1,0,0.0,C
0,3,male,21.33861426261145,2,0,28.11167174149276,S
0,3,male,37.81333537393441,0,0,2.285548139737312,S
0,2,male,37.909722499335075,0,0,0.0,S
0,3,male,21.7314869936138,1,0,11.657142976726353,C
1,1,female,13.419857732070572,0,0,130.99115633731046,S
0,3,male,12.53013918747505,0,0,0.0,S
0,3,male,30.954330357861195,1,0,20.49877973492567,C
0,3,male,34.441643097445066,0,0,20.79402424726602,C
1,3,female,18.208375458360237,1,0,24.540415961636707,S
0,3,male,30.08548744922843,1,2,9.665446702221349,C
1,1,female,37.972787024008035,0,0,172.3498632846895,S
0,2,male,38.66376536264686,1,0,18.58469219622422,S
0,3,male,52.202261741776084,1,0,30.879954414684644,S
0,1,male,48.21622206687162,0,1,29.59423256031267,S
0,3,male,15.18127422503011,0,0,4.430556510108966,Q
0,3,male,54.112000038301325,0,0,14.055408427917977,C
0,3,male,22.000840683942137,0,0,3.1442976508449707,S
0,3,male,44.8506557805892,0,0,11.416796427288826,C
0,3,male,30.68580607774079,0,0,12.739244636300906,S
0,2,male,23.72383401237397,0,1,25.006729195760435,S
0,1,male,28.39361284063144,0,0,119.96713015076173,C
1,1,female,27.21231460186295,0,0,70.96368698281283,S
0,3,male,7.088943088068671,1,0,11.63733554968998,S
0,1,male,28.39361284063144,0,0,37.24867077582375,S
0,3,male,51.6934935285191,1,0,12.342350833461278,S
1,3,female,28.39361284063144,0,1,13.925636533544106,Q
1,1,female,34.07857576652943,0,0,85.73611170094532,S
0,2,male,28.39361284063144,0,0,26.40605661389067,S
1,3,female,28.39361284063144,0,0,9.489987705532055,S
0,3,male,40.93017320604788,2,0,26.61535074811051,Q
1,1,male,29.141195203270517,1,1,101.22410840327922,S
1,3,female,54.92489660799967,0,0,25.70066404219655,S
1,2,female,22.707629058807644,1,1,0.0,S
0,2,male,44.19037682088009,0,0,26.36053133226369,S
0,2,male,31.112494487887837,0,0,24.241655553896486,S
0,3,male,41.23878114129138,1,0,6.9480879107067395,S
1,2,female,28.39361284063144,0,0,13.559603367704872,S
0,1,male,28.98139685550205,0,1,0.0,S
0,2,male,28.025266250165444,0,2,15.683696730105137,C
1,2,female,17.577171834736085,0,2,8.748465009274257,S
0,3,male,39.300182251435416,1,2,13.238043279760507,S
0,2,male,39.12861058088628,2,0,0.0,S
1,3,female,38.306543076130716,0,0,0.0,S
0,2,male,28.39361284063144,0,1,40.19494347076127,C
0,3,male,50.7154996179264,0,1,18.896261438724025,C
0,1,male,28.39361284063144,3,1,59.3894998986435,C
1,3,female,35.10925861729558,0,1,9.532025938611298,S
0,3,male,28.39361284063144,0,2,15.620918085588407,S
0,2,male,30.038652083661052,0,0,17.233638362826866,S
0,2,male,21.003632987776463,0,0,41.12162712610507,Q
1,3,female,53.19101948247274,0,1,10.342432809524695,S
1,3,female,34.97362317997296,0,1,22.445708597164796,Q
0,1,male,26.53857764248588,1,0,10.938263699528974,S
1,1,female,47.00746929191747,0,0,192.7336452462249,S
0,3,male,0.4,1,0,14.377228966822383,C
1,1,female,0.4955123744532983,2,1,52.7356853955239,S
0,3,male,41.239660500686725,1,0,31.182372414513814,S
1,3,female,30.576792497701835,2,1,21.863236682915794,S
0,3,male,33.331471353781026,0,1,26.145568559539438,Q
1,2,female,10.467256501881042,0,0,21.28431209184568,S
1,2,female,28.39361284063144,2,0,7.070917786571391,Q
1,1,female,58.75088645081946,1,0,93.61506298614438,S
0,3,male,41.65089448704001,2,0,12.56427353361836,S
1,3,female,28.39361284063144,0,1,3.919750421971097,S
0,3,male,23.333718303478403,0,0,26.659336265568182,S
1,3,female,23.978693647893788,0,0,22.83351637758792,Q
0,1,male,0.4,0,0,8.204426215628672,Q
1,3,female,33.435786103356826,0,1,20.417106490138536,Q
1,1,female,41.95950507298688,0,1,47.0226273523772,Q
0,3,male,6.853519756026081,0,0,21.198279809313746,S
1,3,female,20.109455061551166,0,0,0.5569287647436987,S
0,1,male,28.39361284063144,1,0,125.69439928170502,C
1,3,male,15.702407675272928,1,1,13.419614720942047,S
0,3,male,30.47548358891755,1,0,20.236420996116514,C
0,3,male,0.4,0,0,7.715623988178667,S
0,3,male,28.39361284063144,0,0,0.0,S
0,3,male,40.63089851403839,0,2,3.183002823170794,S
0,2,male,26.05901247346477,0,1,32.16181585636992,S
1,2,female,28.39361284063144,1,0,21.234509927004392,S
0,2,male,15.251929922965349,0,1,65.51810284352919,S
0,1,male,28.39361284063144,0,2,39.3619971844341,S
1,1,male,0.4,0,2,0.0,S
0,3,male,24.66091052319397,2,0,13.676087232185623,S
0,3,male,12.589988712224745,0,2,25.04183382169693,S
0,1,male,41.36626937298013,0,0,28.01062019277753,S
0,3,male,28.39361284063144,0,1,12.597162122594012,C
0,3,male,35.557333300666365,2,0,3.1074187986169832,S
0,1,male,37.89917607795185,0,0,94.31072196948902,S
0,3,male,28.39361284063144,0,0,17.924989370016135,S
0,2,male,26.757341816707132,0,0,21.593337201745758,S
0,3,male,28.39361284063144,0,0,12.855449896816921,S
0,2,male,8.166695552652179,0,0,0.0,S
1,2,female,46.96099666775929,1,1,27.331557717830705,S
1,3,female,18.672621702965213,0,0,8.655293782873992,S
0,1,male,21.569064620727687,0,0,118.6836799365833,S
0,2,male,29.377406974686444,0,0,36.88345428176106,S
0,2,male,7.038176992572179,1,0,31.719737362489525,S
0,3,female,33.0171654194696,2,0,9.462422652372538,S
0,3,male,43.72826095741266,1,0,0.639382449445943,S
1,3,female,28.39361284063144,0,0,14.776405765271697,C
1,1,female,6.660985319408486,0,0,0.0,S
1,3,female,27.904765232219937,2,0,10.783516513580352,S
0,3,male,40.45941909320261,0,2,15.987706774887185,S
1,3,female,28.39361284063144,0,0,21.480022627358977,S
0,3,male,14.115892799643147,1,0,21.015654719404687,S
0,1,male,42.40988225918204,0,0,54.902882633779825,C
0,1,male,33.616383795860656,2,0,71.71906528703086,C
1,3,female,35.67358794083793,0,0,8.33001664058758,S
0,3,male,56.66267471053801,0,0,3.5608435867756274,S
0,3,male,28.39361284063144,2,0,8.06843492661918,C
0,1,male,39.2393761512811,1,1,111.96064287598712,S
0,3,female,69.00581014466573,0,1,6.137138783475173,S
0,3,male,26.599833907687884,0,0,14.96057139117443,C
1,1,female,18.130699927531822,0,0,34.53078682370019,S
0,3,male,35.90304777458343,0,1,0.0,S
1,1,male,36.06536992613898,1,0,202.44073599439827,S
0,3,male,22.062626816779982,0,0,9.255854046341554,S
1,1,female,28.39361284063144,0,1,18.686038320705464,S
0,3,male,28.39361284063144,0,0,3.0615285870256166,S
0,3,male,28.39361284063144,0,0,18.230359747304004,S
1,3,female,19.0818619696699,0,0,27.74907711467967,S
0,3,male,28.39361284063144,0,0,9.969261389938556,S
1,1,male,28.11739530236065,1,0,59.5629801292374,C
0,3,male,26.033219028391446,0,0,24.71631839889072,S
0,3,male,37.85295664276015,3,1,0.0,C
0,2,male,28.39361284063144,1,1,23.09277741035313,S
1,1,female,34.813094456799,1,1,23.55914889252017,S
1,2,male,57.437844712110405,1,0,29.191952404455073,S
1,3,female,36.459576101861,1,0,13.02496771083243,S
1,2,female,24.244924495139763,0,1,36.54547361300448,S
0,3,male,22.34697343379049,0,1,11.352282290952662,C
1,1,female,23.750070386495914,0,0,108.27472808914723,Q
1,1,female,26.017541168307176,0,0,64.81750253392839,C
0,2,male,28.39361284063144,0,0,23.388779170667142,S
1,2,female,42.98651589558122,0,0,39.34601301164125,S
1,3,female,4.568468003469743,0,0,12.278148387048757,S
0,2,male,42.19900073097594,0,0,17.103554164036744,S
1,1,male,24.194545385432864,1,0,114.7653537019047,C
0,3,male,35.1657428925829,0,0,0.0,C
1,2,female,13.358675302087473,0,1,13.750799962228413,S
0,3,male,28.39361284063144,0,1,7.575733202915638,C
0,3,male,47.76170692249216,0,0,12.626470130804773,C
0,3,male,43.61406262337607,2,0,10.022045941744274,S
1,1,male,7.736055750993678,1,1,117.80542264450023,C
0,3,male,41.722255530457765,0,1,31.727899230910438,S
0,3,male,35.57039877071778,0,0,19.799338417292844,S
0,3,male,6.423566916577769,0,0,0.0,S
0,3,male,29.347687935323176,1,0,0.15876572991470184,S
0,3,male,34.98575009098231,1,0,10.010352246730836,S
1,2,female,37.76309147043568,0,0,36.749059699865,Q
0,3,male,32.27028982075841,0,0,0.0,S
1,2,female,28.39361284063144,0,0,26.488425572805323,S
0,3,male,51.067365187669886,0,0,3.136794421185215,S
0,3,male,47.477491693704856,2,1,28.933015621257553,S
1,3,female,0.4,0,0,32.20632597205721,C
0,1,male,25.09714095485361,2,1,55.78528879417911,S
1,3,female,27.312560100612707,1,0,18.389726404181847,Q
0,2,male,4.294570695458919,1,1,1.4823781874521984,S
0,3,male,31.065654344368525,1,1,20.236763264791144,S
1,3,female,47.806987699952344,1,1,9.018075765656299,S
1,1,female,13.94476603593644,0,3,24.143071381991916,S
0,1,male,34.57781361100315,0,0,149.82491900028685,Q
0,1,male,16.42055957920165,0,0,89.62706835948731,S
0,2,male,19.957275656644683,0,0,18.900901593454066,S
0,1,male,51.122207695465505,0,0,81.17614279102668,S
0,2,male,28.39361284063144,0,1,6.845542386154422,C
0,3,female,36.40208109065406,0,0,31.350229997738758,S
1,3,female,2.567337317115687,2,0,0.7494036717464638,S
1,3,female,56.70360464022576,0,0,30.154302731785954,C
0,2,male,38.43846047144423,0,0,33.36759396505398,S
1,3,female,27.053752281571207,1,0,13.989867674633844,S
0,1,male,38.04542439499848,0,1,6.165827458461749,S
1,3,male,9.25761828025675,2,0,10.562713284621454,S
0,2,male,46.84669575541353,1,0,17.233573220350756,Q
0,2,male,25.002220755301764,1,0,27.138490746873238,S
1,3,female,26.740992031797695,0,2,25.905247049556422,C
0,3,male,22.570993583000476,1,1,9.951436676581523,S
1,2,female,21.280554660189022,1,0,2.38981787909481,S
0,3,male,39.772723868611926,2,1,6.1792212633163786,S
0,3,male,33.41064932651123,1,0,4.084496874253052,S
0,3,male,39.15034805034408,0,0,2.5369909427133113,S
0,3,male,28.39361284063144,0,0,9.624266930158708,S
1,1,male,28.39361284063144,3,0,47.24514970820861,S
0,2,male,23.626693213086945,1,0,56.396990652925304,C
1,1,female,62.031111700438444,1,0,0.0,S
1,1,female,28.39361284063144,0,0,122.48203014440745,C
0,2,male,47.98359119166327,0,1,5.468105573850622,S
0,3,male,49.53465803545407,0,1,8.148159234733342,S
0,3,female,28.39361284063144,0,0,0.03127090717213932,S
0,3,male,62.02446735306161,0,0,18.598303064648267,C
1,2,female,44.13460910270712,0,1,18.550981651946238,S
1,1,female,43.78151559893222,0,1,75.13238128505591,S
0,2,male,30.10632171187521,1,0,33.96927446966545,S
1,3,female,26.55022070582919,0,0,32.31300320577401,S
0,3,male,26.66357200792568,0,0,0.0,C
1,1,male,28.39361284063144,0,0,82.60881539392761,S
0,3,male,28.39361284063144,0,0,12.994911631858015,Q
0,3,male,32.32905615899058,1,0,10.689494685279195,S
1,3,female,16.484067464509288,1,0,0.3015653478785545,S
0,3,male,28.39361284063144,0,0,19.957479067117163,S
0,3,male,28.39361284063144,1,0,20.761373847768578,S
0,3,male,28.39361284063144,2,0,31.851278019658896,S
1,1,female,40.509734144612246,1,0,197.57633417354705,S
0,3,male,28.39361284063144,1,0,8.06104671044265,S
1,2,female,16.229657076606596,1,0,28.975910341317764,S
1,1,female,17.111195255708694,0,0,117.48897841173671,S
0,3,female,28.39361284063144,1,1,28.732243456394702,Q
0,3,male,33.13575486741627,0,0,6.21825715722134,S
1,1,female,28.489992643214393,0,1,118.4617014385052,S
0,3,male,23.320178284319223,0,0,19.250720408620666,S
0,3,male,0.4,1,2,17.299028815939604,S
0,1,male,11.61389668943455,0,0,48.27169020690846,S
0,1,male,45.95218944534592,0,0,90.9209830371458,Q
1,3,female,20.0629229990846,0,2,13.84529237163198,S
0,2,female,34.9285793260242,2,0,36.916160868307884,C
0,3,male,9.535061265358785,0,0,20.960047866482,S
1,3,female,28.39361284063144,0,0,12.560278907788694,C
1,3,female,27.61159892920719,1,1,6.016652212611731,S
1,1,female,33.90558574901126,0,0,6.257027096349816,Q
0,3,male,63.42380698228443,0,0,13.360143443714348,S
1,2,female,51.68838145854635,0,0,12.494593426624172,S
1,2,female,25.25479849133766,0,0,0.0,S
0,1,male,21.098307319379792,0,0,49.889084999534624,S
0,3,male,24.97959733296679,2,0,31.350739625142754,S
0,3,male,37.09352460290977,2,1,29.466114107635743,S
1,2,female,28.39361284063144,0,0,49.24933120248249,S
1,1,female,23.96895989744966,0,0,44.81773196563119,C
1,3,female,50.97412813528111,1,0,10.996820268389275,S
0,3,male,28.043956569221365,1,0,27.823274458964647,C
1,2,female,63.044041849041136,0,0,21.314724146152308,S
0,3,male,31.01576717440651,1,0,7.674439636527024,S
0,3,male,55.58711671625855,3,0,32.72234675636453,S
0,2,male,28.39361284063144,1,0,13.970248194833296,S
0,3,male,43.66292831211699,0,0,31.684253285138457,S
0,3,male,19.193139752992995,1,0,0.016080893099980287,S
0,2,male,17.320491272482528,0,0,37.2151173631434,S
0,3,male,28.39361284063144,0,0,34.71082599216615,S
1,2,female,44.03402201574707,1,0,15.929324123230263,S
1,2,female,28.39361284063144,0,0,20.28633788572648,S
1,2,male,11.04729664128639,1,0,20.16203843225808,C
0,3,male,9.976253688804757,0,0,24.823430544352473,S
0,1,male,9.006522168299501,2,3,107.58112830994502,S
1,3,female,4.069479362378974,0,0,13.051914406100115,S
1,3,female,31.28753771198277,0,0,1.6549772020738853,C
0,3,male,46.013136864766366,1,0,29.56894600097433,S
0,3,male,29.505471089590273,0,0,25.548853107256825,S
1,3,male,0.4,1,0,13.68415250786869,C
0,2,male,26.933973325149044,0,0,44.88316390192283,C
1,3,female,27.339414548827197,0,0,29.35907049242632,S
1,3,female,60.09198187826887,1,0,10.340682729528528,S
0,1,male,28.39361284063144,0,1,107.56656107607085,S
0,1,male,28.39361284063144,0,1,96.90554032376176,S
0,3,male,28.39361284063144,1,0,7.540348681062251,C
1,3,female,36.22468594952495,0,0,0.0,S
0,3,male,28.39361284063144,0,0,7.771791634771754,S
0,2,male,31.361474336846232,1,0,27.363446206163353,S
0,2,male,28.39361284063144,0,0,21.71956996043929,S
1,1,female,40.97533818903877,0,0,126.95123679600536,S
0,1,male,17.962448376054887,0,0,14.097593942694246,S
0,3,male,42.43184939416889,0,0,14.651690663642313,S
1,2,female,9.79145625515968,0,1,45.05339994735751,S
1,1,female,28.39361284063144,0,0,103.33639306293524,S
0,1,male,32.29174396765174,0,0,60.9417638829701,S
0,3,male,20.763750221214437,1,0,0.0,S
0,2,male,28.39361284063144,0,0,31.032834930624173,S
1,3,female,20.67316778634948,1,0,9.227933710551348,C
0,3,male,14.160330760504706,1,1,24.50533649906501,Q
0,3,female,28.39361284063144,1,0,12.768197042410947,Q
0,3,male,13.692164787110908,0,0,20.11579365020806,S
0,3,male,28.39361284063144,0,3,20.710124272110008,S
0,2,male,13.02376033479073,0,0,28.392261515723316,S
0,3,female,28.39361284063144,0,0,24.91906435761852,S
0,3,male,12.568553515032107,1,1,6.410151360069004,S
0,3,male,21.488723724075406,0,0,21.77934220027543,S
1,3,female,20.643250580879904,3,0,10.09794705833469,S
1,1,female,28.39361284063144,1,0,129.36085106013823,S
0,2,male,34.48920421144058,1,0,17.605044910907534,S
1,2,male,26.629859863106283,0,0,44.90306819140175,S
1,2,male,36.93143189551099,0,0,58.94765476384936,S
0,1,male,28.39361284063144,0,1,152.86239600342645,Q
1,3,female,29.07456295020684,1,1,14.44187834959586,S
1,1,female,58.66395557816906,1,1,139.76432587565154,S
0,3,female,28.39361284063144,1,1,13.449720336097037,S
1,3,female,30.684740952955366,2,0,15.3400447616791,S
1,1,male,37.64786150481184,1,0,41.58604808450301,S
0,3,male,42.68627602805801,1,0,12.712414242703309,S
0,2,male,0.7367329530970324,0,0,28.405097657410586,Q
0,3,male,5.306266014030111,0,2,37.45733038961008,S
0,3,male,28.39361284063144,0,0,24.591186602081848,S
1,3,female,28.39361284063144,0,0,16.730941056315512,S
0,1,male,48.724366302188756,1,2,0.0,Q
0,3,male,28.39361284063144,0,1,0.0,S
0,3,male,1.6493043321597902,1,2,0.0,Q
0,3,male,11.313798205762044,0,0,10.007089382500938,S
1,3,female,28.39361284063144,1,0,0.2143585639789105,S
0,3,male,26.305179709397766,1,0,11.633944755516708,C
1,3,female,26.96843015466644,3,1,16.05656640594899,S
0,2,male,23.545290708162483,1,1,0.23006639527755368,S
0,3,male,45.343746065931214,1,0,2.617360157247864,Q
1,1,female,47.07853762949206,1,0,144.23347447219282,S
1,3,female,28.39361284063144,0,0,14.143896931522326,S
1,3,female,0.4,0,0,17.475093099330845,C
0,3,male,28.39361284063144,0,0,8.802280492464002,C
1,1,male,37.75272331337435,0,0,68.99808737809266,Q
1,1,female,28.39361284063144,0,0,62.56069687185864,C
0,3,male,43.93145636496768,1,0,31.741822235037688,S
0,2,male,12.80999260131492,0,0,0.0,Q
0,3,male,58.826953099684516,0,0,21.428273399555536,S
0,2,male,15.788297579442913,1,0,0.0,S
1,2,female,40.563732444412395,0,0,26.974764911045057,S
1,1,female,5.233458431006401,0,0,71.99716054990543,C
0,1,male,28.39361284063144,0,1,67.75957400039717,S
0,3,male,51.687345377517374,0,0,0.0,C
0,3,male,25.916952566487677,0,1,0.0,S
0,3,male,28.39361284063144,0,0,26.72422160284049,S
0,3,male,33.13585313642907,1,0,26.30258457879696,S
0,3,male,28.178106737997496,1,0,32.873409462559465,S
0,3,male,28.39361284063144,3,0,13.824717517178225,S
0,3,male,26.268447042547443,0,1,1.0736519800210864,S
1,1,male,3.879297440329676,1,0,189.2582322037633,S
0,2,male,18.053018666700275,0,0,47.70690358618837,S
0,3,male,37.69228006617456,0,0,3.9296177571489075,S
1,3,female,35.43488204225637,0,0,30.485747229738667,S
0,2,male,6.977655371586145,1,0,19.810142786885514,S
0,1,male,19.197033468581083,1,1,87.8477224176256,S
1,2,female,28.39361284063144,0,0,42.36824479981015,S
0,3,male,24.400690885343735,0,0,1.050330215255677,S
1,1,female,9.749252965277503,0,0,29.8773312339448,S
1,1,female,20.588618932267558,1,0,48.8783095292638,S
0,3,male,19.135147963736852,0,1,11.108356015893877,S
0,3,male,40.88723226654783,0,1,18.811740886745376,S
0,1,male,41.43225900935853,0,1,123.0651182059147,S
1,1,male,27.585748357712166,0,0,155.7602434901836,S
0,1,male,24.015422959874392,0,1,30.32889145207453,S
1,3,female,31.728902524567143,0,0,24.87087189252434,Q
1,3,female,17.859660941894163,1,1,12.955889588643268,S
1,3,female,13.070934808572105,0,0,25.588008606340118,S
1,3,female,16.066792470577106,0,1,11.988638221583805,C
0,3,male,28.39361284063144,1,0,12.638002912160216,S
1,1,male,12.82962990301207,2,3,10.288538823292342,S
1,3,female,32.049863606411684,0,1,21.597569730181434,C
0,3,male,28.39361284063144,1,0,5.241600459769085,S
0,3,male,28.39361284063144,0,0,9.135776268007714,C
1,1,female,30.064366312632483,0,2,143.1638093654517,S
0,3,male,26.510930968638135,0,0,15.212241836893565,S
0,1,male,34.651875940283645,0,0,31.911544509832652,S
0,2,male,29.512387862497974,0,0,0.0,S
0,2,male,8.622810440991351,0,0,33.91147117640712,Q
1,1,female,11.3953551665711,0,0,172.340953800907,S
1,3,female,30.126641845982103,0,0,11.752682457866785,S
1,2,female,44.61732333630988,1,1,7.473404790985876,S
1,1,female,0.4,1,1,86.01078154204808,S
0,3,female,28.39361284063144,0,0,3.694844976123955,S
0,3,male,46.949519076670825,0,0,13.636538763330954,C
0,3,male,27.481124795009908,0,0,23.94073170005896,S
0,3,female,28.39361284063144,0,0,3.4882405273290953,C
1,1,female,19.50549832698187,0,0,117.48343743410913,S
1,1,female,27.969190110485286,0,0,73.66027840542283,S
0,2,male,6.196753984531803,0,1,33.09661076503922,S
1,3,female,0.4,0,0,13.076417931621211,S
0,1,male,43.37010411776649,0,0,127.7445477586192,S
1,1,female,15.417573547995593,0,0,174.55711915161083,S
0,3,male,28.39361284063144,0,0,1.9639978510454732,C
1,3,female,9.5965873275822,0,0,3.6650446853959355,C
0,3,female,9.2554393052838,0,0,0.0,C
0,1,male,27.179353348628062,0,0,45.07111752572057,Q
0,2,male,28.39361284063144,0,1,0.0,C
0,3,male,35.18057947092313,1,0,6.66881668717404,S
0,1,male,36.26180707520408,0,0,5.755424318763787,S
0,1,male,34.352319871706804,0,0,65.95617071159211,C
1,3,female,28.39361284063144,1,0,21.59533745763219,Q
0,2,male,52.57763897151235,1,1,7.288707941349912,Q
1,2,female,28.39361284063144,0,0,35.36304984212318,C
0,3,male,28.90344444005769,1,0,14.528513098689489,S
1,3,female,46.124002397534035,1,0,37.278053364265915,Q
0,3,male,28.39361284063144,0,0,20.304252879801652,Q
0,1,male,28.39361284063144,1,0,88.47633100337927,S
1,1,female,25.170846095989887,1,0,32.4871200314363,C
0,3,male,49.39275589007528,2,3,35.38174470485208,S
0,1,male,37.06714702538645,1,1,84.71796591214921,Q
0,3,male,32.53131395645671,1,0,5.575179574312733,S
1,1,male,26.543571945197478,0,1,54.32598916262828,C
0,1,male,24.13488657723769,1,1,66.21945708160007,S
1,3,female,33.8791764148097,0,0,10.672433016701254,S
0,3,male,26.04057518772499,0,1,0.9576773440675694,S
0,1,male,29.08260999485556,1,2,52.02748349191373,S
0,3,male,30.839681238668042,2,0,0.0,S
0,3,male,19.867962836844264,0,0,11.99787190377501,Q
0,1,male,37.41587592128086,1,0,0.0,S
0,3,male,71.95654740202359,0,0,13.698151428541474,C
0,3,male,28.39361284063144,1,1,4.20605833097231,S
0,1,male,28.39361284063144,0,1,0.0,S
0,3,male,18.677243715025867,1,0,11.700008039722178,C
0,3,male,38.072337374029125,0,0,6.429704341495336,S
0,3,male,30.37508336325398,0,1,16.05231091702978,S
1,1,male,28.39361284063144,1,0,84.11819942352273,C
0,3,male,28.39361284063144,0,0,22.13035736887622,C
1,1,female,32.490106207638625,0,1,173.49771279149647,S
1,1,female,28.39361284063144,0,0,79.41670551518621,Q
1,3,female,0.4,0,1,28.41076778240017,S
1,1,female,52.76155831978234,0,0,158.48652560280922,S
1,3,female,35.13840120243893,1,0,6.741833052667761,S
0,3,male,28.39361284063144,1,0,8.522363716531268,S
1,1,female,12.011801699797935,0,0,48.39971417519763,S
0,3,male,17.65383671672263,0,1,13.090351052086714,C
0,3,male,28.39361284063144,0,0,5.6930226339822685,S
1,1,female,28.39361284063144,3,0,0.0,S
0,3,male,33.80449452614485,1,0,8.390709991209619,S
0,3,male,45.425469833484506,1,0,17.5982566628689,S
1,3,female,4.104305428108685,0,1,15.362583062534922,S
0,3,male,43.82037653990098,0,1,25.99554469825827,Q
0,2,male,29.82008769438994,0,0,30.023197241550744,S
1,1,female,26.745163013694057,0,0,45.575217193565045,S
0,1,male,8.368829101419088,3,0,0.0,S
1,3,female,36.99420569146454,0,0,21.6677429226312,S
1,1,female,0.4,0,0,139.89777613973845,C
1,3,female,28.39361284063144,0,1,32.50853634291268,Q
1,1,female,28.39361284063144,0,0,123.95180822594271,S
0,3,male,30.475139732953373,0,0,21.063801464245856,S
1,1,female,27.972051858745154,0,0,60.24223433903458,S
1,1,female,46.658303135761315,0,1,31.392730253300073,S
1,3,female,28.39361284063144,0,1,10.621626686497379,S
0,3,male,19.63499086338785,1,0,20.21251610895056,S
0,3,male,22.354260908417555,1,0,6.796519626406515,C
0,3,male,48.15680014694262,1,0,12.0889379022009,S
0,2,male,37.476306053122954,1,1,7.51335101342638,S
1,2,female,24.10836526791416,1,0,5.825451945520896,S
1,3,female,26.271526910514556,0,1,11.795254174136815,C
0,3,male,6.975932186511017,0,0,18.555804373365767,S
1,3,female,35.33287591234735,0,0,28.577866947114025,S
1,3,female,4.182672238415748,0,1,17.002934374411797,C
0,1,male,40.60104875461411,0,1,24.75246690388827,S
0,3,male,31.565013091123355,0,0,1.5826218784863304,Q
0,3,male,28.39361284063144,0,1,37.973765895977024,S
1,3,female,13.748034470997565,0,0,24.87110198488766,S
0,2,male,28.211399679910823,1,0,0.7106192708815762,Q
1,3,female,55.77517166338441,1,0,28.250793326254453,S
0,1,male,46.97514978422551,0,1,89.8567407031475,S
0,3,male,19.604925252091455,0,0,11.113851212305061,S
0,1,male,32.94752771141499,0,0,102.01803213491208,C
1,2,female,29.728990668018763,1,1,5.97799784262304,C
0,2,female,33.78836007721528,1,2,1.7848009595584386,S
0,3,female,19.56913367821997,1,1,19.321761598451538,Q
0,1,male,28.40485416083935,0,0,87.92120374235903,S
0,2,male,28.39361284063144,1,0,46.368474475103,S
0,3,male,31.65929005208719,1,1,30.096310570316334,S
0,3,male,36.225299764616565,0,2,8.405292568510973,S
0,3,male,26.40241851666368,0,2,9.529905400881452,C
0,1,male,28.39361284063144,1,0,57.69169811753327,S
0,3,female,44.0337120113462,2,0,3.121479625330748,S
0,3,male,34.98561305089563,0,1,18.035223474539222,S
1,1,female,19.172781083335835,2,1,0.0,C
1,1,female,25.63129352084807,0,0,71.07771129239872,Q
1,3,female,7.940293659663336,0,0,7.3703395303024655,S
0,2,male,14.831553147220385,0,0,34.97855066472199,S
0,3,male,21.901735477821475,1,1,8.721908536401056,S
1,2,female,47.51210177806219,0,1,16.45564345744179,S
1,2,female,20.427200832131604,0,1,11.080839184535142,Q
1,2,female,28.39361284063144,0,0,13.160898878938271,S
1,1,male,21.894415058507093,0,0,53.78151391235308,S
1,3,female,33.295239632352185,1,0,24.824214516169484,S
0,2,male,27.64976521891487,0,0,23.44456586501687,S
0,3,male,42.35932070134478,1,1,3.5577798442384143,Q
0,2,male,28.39361284063144,0,0,55.243700560132396,S
1,1,male,6.898340374964608,0,0,149.80741630024596,S
1,1,male,9.661739045227325,2,0,132.6303256292033,S
0,3,male,28.39361284063144,0,1,5.09391702992415,Q
0,2,male,11.588630425168233,0,2,18.000576392807254,Q
0,2,male,28.39361284063144,1,0,23.042207695956392,S
1,3,female,22.946361609557872,2,0,6.389660963732142,S
1,2,female,64.13179497538326,2,0,27.14343132706375,S
1,2,female,4.503138370511586,1,0,41.3292338485504,S
0,3,male,32.652681091292116,0,1,0.0,S
1,1,female,28.39361284063144,1,0,86.6908653574086,C
0,2,male,22.54568056445116,1,1,14.235780225837702,Q
0,1,male,31.75058236343789,1,1,104.19294072874129,S
0,3,male,0.4,1,0,7.932511573524352,S
0,2,male,33.1339786934264,0,2,35.02392908020774,S
1,3,female,57.29215820297543,0,0,10.067020529778544,S
0,3,male,28.39361284063144,0,1,15.518814832892915,S
1,3,female,33.467213923679886,0,0,7.384211155764381,S
0,2,male,44.56136455031829,0,0,0.6761242072844205,Q
0,3,male,27.32267424960855,1,0,18.88204639733572,S
1,3,female,21.27607726629349,0,0,5.928864793586781,C
1,1,female,0.4,0,0,102.47151200872031,S
1,1,female,38.99436543122711,0,1,43.50543104217928,S
1,2,male,28.05905805893099,1,1,19.015091953194442,S
1,3,female,15.016084154871654,0,1,7.996175710836489,Q
0,3,male,31.535652299026555,2,0,21.673386977205734,S
0,3,male,21.23663482631037,2,1,14.418544757824776,S
0,3,male,22.037821098824878,1,0,28.915665164487663,C
0,2,male,38.49122176357627,0,0,20.713062129580372,C
1,1,male,10.293455035804254,0,0,91.72975472049221,S
0,3,male,44.886071648069496,0,1,11.377173789839395,S
1,3,male,9.433550634783145,1,0,19.066059096794557,S
0,3,male,20.090829578848673,1,0,12.19549972872834,C
1,1,male,57.58271981396537,0,0,35.824157225504564,S
1,3,female,28.39361284063144,0,2,14.78470078177012,S
0,2,male,28.39361284063144,0,1,48.46807929379146,S
0,3,male,28.39361284063144,4,1,9.403849139260743,S
0,2,male,22.025551552851546,0,0,34.346249722998934,Q
0,3,male,30.762492061492598,0,0,19.565591280933226,C
0,3,male,30.244086868924178,0,0,5.799887973604974,S
0,3,male,28.382371520423536,0,1,24.98148252187747,Q
1,1,female,29.252928545779326,0,1,15.722869207085125,S
1,3,female,26.591560909275845,0,0,15.272414489732503,S
0,1,male,8.791308333219813,1,1,97.15372765174813,S
1,3,female,22.210594238667923,2,0,0.0,C
0,1,male,42.962048782809276,1,0,133.68574041644428,S
0,1,male,9.859152685508796,1,2,111.34249322123517,S
1,3,female,26.95144508268046,1,0,15.410953821621392,S
0,2,male,17.81356803282276,0,0,50.31290391151805,S
0,3,male,31.314581226272615,1,0,21.261290561155533,Q
1,1,female,24.064818874531134,0,0,1.1085767901031716,S
0,1,male,28.39361284063144,1,0,0.0,S
0,3,male,37.04545573575868,1,0,19.190707129218126,S
0,3,male,10.678854096230435,0,0,31.608811400323038,S
0,3,male,39.43280616839863,0,0,19.223275428545975,S
0,3,male,18.467548084200086,0,0,33.646355198830875,S
0,3,male,21.333552615025763,0,0,23.01078840237656,C
1,3,female,34.25037579155327,0,1,0.0,C
0,1,male,28.39361284063144,0,1,47.63637992624971,C
1,3,female,42.64640933668285,0,0,8.256558915227812,S
1,3,female,18.469604108055766,0,0,28.955440152017353,S
0,1,male,20.72527498742523,0,0,58.101936615633164,S
1,1,female,20.18262204355242,2,0,59.795104417707755,S
1,1,female,21.498238148851936,1,2,192.64387148150388,C
0,1,male,45.63827755544329,0,0,0.07786594970305316,S
0,3,male,38.81754625734939,1,1,11.468094546055946,S
0,3,male,28.39361284063144,1,0,29.790031115898884,S
0,3,male,62.58084095653919,1,1,18.38668167417009,S
0,1,male,14.754603036981072,0,0,100.41371798962862,S
1,1,female,30.72107734624569,0,0,104.86393920493374,S
1,3,female,12.645095408670223,1,0,13.144273202113748,S
0,3,male,18.424714047650127,1,0,18.10551635058296,S
0,1,male,20.563803601292793,1,1,134.99877790402374,S
0,3,male,14.371254324995022,1,1,23.611572137178506,C
0,3,male,14.447634542973,0,1,10.340957548625454,S
0,1,male,28.39361284063144,0,0,34.6418603575712,S
0,3,male,28.39361284063144,0,0,25.81226764414992,S
0,3,female,41.910840907495675,0,0,0.0,S
1,2,female,16.392573707446044,0,1,0.6796534587741903,C
1,3,female,70.43875006639769,0,1,10.661151740064467,S
0,3,male,23.15492546101627,0,0,4.876818754463786,Q
1,1,female,30.744255807797256,0,0,81.68526715999873,C
0,2,male,10.917552825242488,1,1,17.778093296437074,S
0,3,female,54.43833049285077,2,0,24.39143831484181,S
0,3,male,45.93275987164228,1,1,12.648869690933713,S
0,2,male,34.00528012567363,1,0,2.4311186473091766,S
0,3,male,28.39361284063144,0,0,22.680678984458442,S
0,2,male,32.75466972700699,0,0,14.619849848232853,S
0,3,male,13.439249832749802,0,0,7.06919448011792,S
1,1,female,50.90415132036373,2,0,183.21617657890772,S
1,2,male,28.39361284063144,2,0,28.758260791150423,S
0,3,female,31.08386605807217,1,0,13.578531862873094,S
1,1,female,0.4,0,0,158.3045016328158,Q
0,3,male,15.440468309444055,0,0,0.0,S
0,3,male,28.39361284063144,1,0,22.318314520963796,S
0,2,male,28.39361284063144,0,0,23.032334925558175,Q
0,3,male,45.782962266635906,0,0,17.30387755655982,S
1,2,female,6.615811467498897,0,0,20.117929778285124,S
0,3,male,34.072508448787104,0,0,0.9107552314651493,S
0,3,female,44.42497063900248,2,2,13.54862619487155,S
1,1,male,5.654134299057443,0,0,125.74704297417696,C
0,3,male,29.585384527088074,0,0,17.797428756279608,S
0,3,male,28.39361284063144,0,1,26.391599984204348,S
0,1,male,28.39361284063144,0,0,97.93688544716605,S
0,2,male,2.8436530966825764,1,0,37.983725506516535,S
1,2,female,24.977377403930934,0,0,34.91438444869094,S
1,1,female,24.95407126130215,0,0,47.98073972795153,C
1,1,female,27.552950134057564,0,2,37.773316071909456,S
0,3,female,21.52966433133649,0,0,18.184493689849223,S
0,3,male,23.276323777998723,3,0,17.448170778897882,S
0,3,male,29.12425890596882,1,0,19.823526073671225,Q
0,3,male,36.11559177206081,0,0,19.612805264012167,S
1,3,female,28.39361284063144,0,0,4.180276943843488,S
0,3,male,23.760090538663974,0,2,23.902664977049433,S
1,3,female,31.03913355468964,0,0,25.667831621902383,C
1,3,female,1.8467190745198678,0,0,15.860828936902982,S
0,3,male,36.61700934478364,0,0,0.0,C
0,3,male,29.691835091717095,1,0,12.852542939999093,S
0,3,male,30.275556135664647,0,0,15.944058769405684,Q
0,3,male,28.39361284063144,0,0,2.5539976221318277,C
0,2,male,28.39361284063144,1,1,33.51345694980618,S
1,1,female,1.0794088870450267,0,0,133.08053559812987,S
0,3,male,33.67015575719103,0,0,20.07292224986444,S
1,3,female,29.59680560063652,0,1,15.659553149020512,S
1,1,male,32.16756567628302,0,0,94.34407188644704,S
1,3,female,22.99915740999954,2,0,17.514648615819805,S
1,3,female,28.39361284063144,0,0,13.434910526097088,Q
0,1,male,43.22326322337124,1,1,0.0,S
0,3,male,36.71774326229714,0,1,10.084675662445722,S
0,1,male,25.917987353133544,1,0,47.246218404998615,S
0,3,male,28.39361284063144,0,0,6.291553735421932,S
1,1,male,40.853925016538355,0,0,162.87100566067375,S
0,3,male,47.41506566015509,0,0,14.18825096581047,S
0,3,male,39.04609697376771,0,0,15.47958465424792,S
0,3,male,16.945184803171152,0,0,12.092801221918972,Q
0,3,male,39.47001870818249,0,2,9.76680451003481,S
1,3,female,42.17768076544096,1,0,10.485967319945182,Q
0,1,male,52.30283559308674,0,1,38.516878604918254,S
0,1,male,16.996406098694614,0,1,83.73443952478645,S
1,2,female,26.41640852410999,1,1,9.056740038707792,S
0,3,male,40.5354447415801,1,0,46.938541083681486,S
1,3,female,28.39361284063144,0,0,18.210133024605526,C
0,3,male,13.498749770256516,0,0,0.2001933409630432,S
1,1,female,35.71193613288719,0,2,76.63935782347313,S
1,3,female,38.09059369031991,2,0,4.899611107988523,C
0,2,male,30.975461996799527,1,0,35.10218694301357,S
1,3,female,28.39361284063144,0,0,11.890377206293186,C
0,1,male,25.948764425556913,0,0,66.1842639339297,S
0,3,female,51.13504456788286,0,1,30.09164968827583,Q
0,2,male,16.63996333616619,1,0,4.755979956562054,S
0,3,male,21.183848939925205,0,0,23.729894374492076,S
0,3,male,28.39361284063144,0,0,18.349196795199465,S
1,1,female,42.44483340166294,0,0,84.2927653644909,S
0,3,male,7.988089033629215,0,0,20.11354420258208,Q
0,3,male,10.700697128401131,1,0,26.092153926844606,S
0,1,male,0.4,0,0,100.89095994203319,S
1,3,female,30.174080766172427,0,0,32.01642604346506,S
1,1,female,28.39361284063144,0,1,49.67772080664342,Q
0,1,male,24.124023404740207,0,0,88.1685352480394,S
0,3,male,28.39361284063144,2,0,16.51486531017818,C
0,2,male,20.397630548648724,1,1,36.83941466741634,S
0,3,male,28.39361284063144,1,0,1.4876121440500842,Q
1,1,female,25.35960033760003,1,0,70.20696062022249,S
0,3,male,39.44565756889833,0,0,16.211864853411672,S
0,3,male,36.58935697654613,0,0,9.839148787334713,S
0,3,male,19.666961405468154,0,1,17.376770187046947,S
0,1,male,27.254549575693435,0,0,47.227667840388065,Q
1,1,female,28.39361284063144,1,0,104.86474058169118,Q
0,1,male,35.403964618684405,0,1,168.01426356164902,S
0,3,male,9.444050162608594,0,1,15.671532875848413,Q
1,1,male,28.39361284063144,0,1,15.148128330104868,S
0,3,male,13.973145974674546,1,0,31.907227386811705,S
0,3,male,50.18143951443459,0,0,12.581090014288568,S
1,1,male,44.54943317769486,0,1,69.2868112946608,S
1,1,female,28.39361284063144,0,0,172.2425497819445,S
0,2,male,31.979876229824804,0,0,29.71417465463251,S
0,3,female,26.66903228760241,1,0,29.440580480005238,S
1,3,female,39.538597295300406,0,0,27.860443203860797,C
0,3,male,24.323716542800106,0,0,18.443934035776707,C
1,3,female,28.39361284063144,2,1,12.924998455692746,S
0,3,male,42.34304831453204,0,0,20.19117985013753,S
0,3,male,21.553805118878948,0,0,14.737969817693727,C
0,3,male,20.765205270134928,1,0,12.09777081676901,S
0,3,male,12.381700529495344,0,1,17.381059215063303,C
0,3,male,28.39361284063144,2,0,9.588422530545552,S
1,3,female,3.188267984098214,0,0,16.522642640034324,S
0,3,male,40.28251744072518,0,1,16.042209256216356,S
1,2,female,55.92926086020017,0,1,4.96680840758588,C
0,1,male,50.36726968031943,0,0,96.99489238239575,Q
0,3,male,6.1217749149155125,2,1,21.101363528765408,S
0,1,male,40.2103927375649,1,1,0.0,Q
0,3,female,50.320542073891566,0,1,8.274333483787613,Q
0,3,male,23.07625527928937,1,1,8.71074940854256,S
1,1,male,31.170987744425716,0,2,111.80228243145513,C
1,2,female,0.5855507633322787,0,0,10.954994088804824,S
1,2,female,33.5676744356613,0,1,17.66783587968169,S
0,3,male,14.278383923196596,0,0,7.0108366259332815,S
0,3,male,32.59470775971696,1,1,26.554077104866423,Q
0,2,male,7.062557628261235,0,0,50.36514859662395,C
0,3,male,37.57144425492514,1,0,12.118573148619033,S
1,1,male,44.555433793687,1,0,117.67897060541478,S
1,1,male,18.34389200513007,0,1,136.71811895790583,S
0,2,male,28.39361284063144,1,0,0.7427627000415811,C
1,3,female,0.4,0,1,21.389459041234467,Q
0,2,male,25.837003755909933,0,1,38.10061080290599,S
0,3,male,21.266887952916726,0,0,14.735891110194768,S
1,1,male,7.210218520953205,0,0,74.19067110190036,S
0,3,male,36.26877196652649,0,1,5.850306933339791,S
0,3,male,23.175429462962587,1,2,26.899055267616703,S
0,3,male,14.10182859964413,0,1,21.6480427172659,S
0,3,male,21.658700118213517,0,1,7.066957727995757,S
1,1,female,45.233915814479424,1,1,89.4403513319711,S
1,2,female,38.44258568445072,0,0,34.67749810600198,Q
0,1,male,27.814622108271898,0,1,209.8097500359231,S
0,3,male,38.67702276774036,1,0,15.776513766213023,S
0,1,male,12.866776632392284,0,1,101.3438109782618,C
1,3,female,30.16936646054194,1,0,4.474633337043144,Q
0,3,male,31.836173792053824,0,0,0.0,S
0,3,male,22.88737062676846,0,0,0.0,S
0,2,male,36.01414587138256,0,0,19.297619735148405,S
0,3,male,18.383714907655456,0,2,13.149050295750843,S
1,1,male,28.39361284063144,0,1,79.80905837041078,S
0,2,male,37.70195218720373,0,1,24.354171018037306,S
1,1,female,0.4,0,0,110.60357664846825,S
0,3,female,46.959432700896706,0,2,19.7688531059865,S
0,2,male,0.4,1,1,17.522075088405533,S
0,3,male,20.767289129436183,0,0,6.128823647928941,S
0,3,female,44.56754649673745,0,0,15.14117571138614,S
0,3,male,25.09934248383961,0,0,1.3732548798167752,S
1,2,male,8.44030325419164,0,0,26.310748327979354,C
0,1,male,28.39361284063144,0,0,0.0,S
1,3,female,44.590133321648985,0,0,23.18232526533449,S
0,3,male,1.8381843070447452,1,0,10.615442537580853,S
0,3,male,28.39361284063144,0,1,24.62533516309917,S
0,3,male,28.901019563886805,0,1,2.773768114116846,Q
0,3,male,12.410267708584712,1,0,7.222302992711796,C
0,1,male,21.244831451610978,1,1,180.67715566744522,S
0,3,male,14.950247054026201,0,0,25.70497093426755,S
0,2,male,42.26026541244866,0,0,37.63689888847488,S
1,2,female,40.32020324156115,0,0,25.964696250850317,S
1,3,female,4.772163558797324,1,0,32.37745630786756,S
1,3,male,28.39361284063144,1,0,11.103354501745695,Q
0,3,male,17.183807896007984,2,0,24.987676223629727,C
0,3,male,48.45589454266087,0,0,4.578190030406947,S
0,2,male,10.123562787166893,1,0,9.56412936674363,S
0,3,male,52.9613220179327,1,0,0.0,S
1,1,male,29.217226277004404,0,1,25.52682094145174,S
1,2,female,12.85195110748873,0,0,42.78422857729968,S
0,1,male,19.87952433186547,2,0,30.362002853605084,Q
0,1,male,28.39361284063144,2,0,110.73854205420109,C
1,3,female,11.218033170775161,0,0,23.064581208123634,S
1,3,female,31.074989466090447,1,0,8.98679807281722,S
0,1,male,11.89522451496827,0,0,104.44722023040748,S
0,2,male,28.39361284063144,1,2,36.05889561790407,C
1,2,female,24.19469117270149,3,0,46.85015791276017,S
0,2,male,3.558585151940701,0,0,17.378298290614,S
0,3,male,18.793667413020955,0,2,15.020906248880818,S
0,1,male,16.51800811525134,0,0,62.74399200057002,S
1,2,female,17.067366955625694,1,0,16.149892469408602,S
1,3,female,28.39361284063144,0,2,6.805961803130247,S
0,2,male,28.39361284063144,0,0,6.940716634177143,S
0,3,male,33.25787963043231,0,0,3.5876076368788627,C
0,3,male,3.942224703036729,0,1,14.72777569941549,S
0,1,male,28.39361284063144,1,0,29.788910706832574,S
1,1,female,32.82188813415192,0,0,120.88378707785314,C
0,3,male,28.39361284063144,2,0,9.79742102299765,S
0,3,male,28.39361284063144,1,0,19.55069720071345,S
1,2,male,12.260899504435063,0,1,11.750522787194738,S
1,1,female,28.39361284063144,0,1,128.41179787126217,S
0,3,male,21.2022512203544,0,0,20.15949937148074,C
0,2,male,28.39361284063144,3,0,30.589363793170115,S
1,2,male,20.412893958096323,0,0,25.528637168892732,S
1,1,female,28.39361284063144,1,0,29.776876375409984,S
0,3,male,26.27611366921921,0,0,20.721549782007074,S
1,1,female,19.051377517826133,0,0,70.00244206263618,S
0,3,male,36.733861093208134,0,0,18.602246732062888,C
0,3,male,33.156631435142664,0,0,3.832404251614726,C
0,3,male,28.39361284063144,0,0,8.101130593022003,C
0,1,male,23.458354164801605,0,2,127.10678720687895,S
0,3,male,41.249888442539955,0,1,11.4673839034119,S
1,2,female,26.28040346469437,0,1,0.0,C
1,3,female,25.25288932652391,0,0,25.525825789013922,S
0,2,male,28.39361284063144,0,0,26.90031036777473,S
1,3,male,54.300506903077334,1,1,9.525808558103229,C
1,1,male,10.264834983692541,1,0,56.88366595396698,S
0,3,male,40.86292494930264,0,0,14.427675653079593,S
0,2,male,2.249018162047477,1,1,20.85976346837181,C
0,1,male,32.85046079431505,0,0,43.16417417670319,S
0,3,male,52.5387010003266,0,0,10.035341179534912,S
1,2,female,36.78569360477595,0,0,37.352047394572274,S
0,3,male,32.17406363882699,4,0,7.938130523658664,Q
0,1,male,21.573482702355406,1,0,16.60681251295705,S
1,2,female,28.39361284063144,1,2,31.10326743733286,C
1,3,female,26.045089176651334,0,0,5.490567761884293,S
1,3,female,28.39361284063144,1,0,12.067869792418072,S
0,1,male,25.496803575614386,1,0,84.67986225478926,S
1,2,female,32.57652682908337,0,0,1.6578915705929091,S
0,3,male,18.575352506305713,1,0,16.702949467078305,S
0,1,male,18.008913600072077,0,0,61.59813302248335,S
0,3,male,9.976470154913471,0,0,11.549324284066348,S
1,3,female,35.365512878288996,0,0,14.489383927081116,S
0,2,male,28.39361284063144,0,1,5.182864423855275,C
1,3,female,33.059076441429504,0,0,15.638807690760402,C
0,3,male,43.694972144565654,3,1,8.011736545432157,S
0,3,male,30.974080737670548,0,0,8.448282756502467,S
0,1,male,35.38415859180347,1,0,119.21663022161549,S
0,2,male,28.39361284063144,0,0,16.59319270114812,S
0,3,male,28.372669718435986,1,0,9.611506600533833,S
1,1,female,22.003083492120112,1,0,75.17928502301052,S
1,2,female,61.80521292898271,0,0,40.044756346650345,S
1,3,female,23.146710792124125,0,0,6.695337410910483,S
1,1,female,20.044773188753673,0,0,95.93290029879884,Q
0,3,male,28.39361284063144,0,0,5.43884812969395,S
1,3,female,33.35188902177757,1,0,30.29198014808891,S
1,3,female,9.330522559650252,0,0,14.188618467249517,S
0,2,male,28.39361284063144,1,1,0.0,S
1,3,female,28.334178657412917,1,0,9.167692920345392,S
0,1,male,13.591499119372052,1,0,93.15468641715253,S
0,3,male,46.937369658131175,0,0,1.847465356972661,S
1,2,male,38.772295788144234,0,1,34.50551151829064,S
0,2,male,11.364141116755246,1,0,5.12831640234479,S
0,2,male,55.469151183737,0,2,38.389940660786124,S
0,3,male,28.39361284063144,0,0,0.0,C
0,3,male,29.55215632343683,1,0,2.7199679155647445,Q
0,3,female,52.7581726815158,0,0,28.639264045143335,C
0,3,male,28.39361284063144,4,0,22.303977491075422,S
0,2,male,29.292795410991534,1,0,42.538514396399336,S
1,2,female,20.125648317681158,0,1,25.76870839887694,S
1,3,female,38.13683136995264,0,0,20.729874241644772,C
0,3,female,36.61074302619771,1,0,9.47131314620865,Q
1,3,female,29.912862028400813,1,0,3.627490537343773,C
0,3,male,18.245197868919757,0,0,25.467446054496968,S
0,2,male,31.58398288540807,0,1,40.87248861940935,S
1,3,female,28.687917606449,0,0,38.94022816381907,C
1,3,female,10.364622378354085,0,0,10.349020239892457,S
0,3,male,8.358720905799306,0,0,33.7289585478048,S
1,2,female,37.89472399274166,1,0,19.72745403885006,S
1,3,female,0.4,0,1,27.360485972587004,S
0,2,male,32.67845264093827,0,0,45.102076842156805,S
1,2,female,22.767795662569544,0,1,43.706937791373235,S
0,2,male,48.6695757997587,0,1,20.88553870307348,C
0,3,male,22.544710967268802,1,0,3.670207743014691,Q
1,3,female,39.26252110665249,0,1,1.700555117417764,C
1,1,female,23.94474930205202,0,0,10.119355133938853,S
0,3,male,31.34934822554908,0,0,12.033716297509784,S
1,3,female,40.38412969834074,0,0,14.523663231901363,S
0,3,male,22.992942113293587,1,0,19.5623913497328,C
0,3,male,28.39361284063144,1,0,0.0,S
1,1,male,15.291380781955993,0,1,41.47426857364178,Q
1,3,female,33.9715962170965,0,0,10.509058366600824,S
0,2,male,28.39361284063144,0,0,24.715936638954503,S
0,3,male,39.27054363095986,1,0,20.20712839228547,C
1,1,female,28.39361284063144,2,0,77.16169485331044,S
0,2,female,28.39361284063144,0,0,39.04365349235385,Q
0,3,male,15.282140926820768,0,0,14.571276134535609,S
0,1,male,39.27641721495233,1,0,0.0,S
0,3,male,36.91988254690599,1,0,3.657391408598828,C
0,3,male,28.39361284063144,0,0,15.474906544329386,S
1,3,female,28.39361284063144,1,2,10.38981565273708,C
0,1,male,40.81957575327138,1,2,106.28820502185371,C
1,3,female,11.941780724067161,3,1,20.71484895009284,S
1,1,female,28.39361284063144,1,1,37.482496290075815,C
1,3,female,71.13285713552804,1,0,9.936207852629309,Q
0,2,male,35.01354162528748,0,0,24.488387018034516,S
1,2,female,38.155067967037276,0,1,23.292111570812253,C
0,3,male,22.553533351014387,0,0,13.590838382266076,S
0,3,male,3.4519068442411616,0,0,14.790998205458216,S
1,3,female,28.39361284063144,1,0,9.59363845613603,S
1,2,female,13.853019004068134,1,1,20.331961745613974,C
0,3,male,8.718433641982273,1,0,27.493180484506716,S
0,3,male,54.674219158936914,0,0,20.478608174865066,S
1,3,female,33.656506511373706,2,0,20.868669613348562,S
0,2,male,28.39361284063144,0,0,17.98402825120359,S
0,3,male,25.219175704654383,0,1,0.19757356688836758,C
0,2,male,27.193369304570172,1,0,16.218806598660393,Q
0,2,male,43.68598489247033,1,0,45.13451359373407,S
0,3,male,29.231111778919374,1,0,6.741359575067745,S
0,2,female,37.395062101358626,0,0,13.155789123425905,Q
1,3,female,28.39361284063144,4,0,0.0,S
0,2,male,24.738783084385314,0,1,20.603613300868265,S
1,2,female,28.39361284063144,0,1,10.248623927637885,Q
0,3,male,1.0226385956766428,0,0,13.305736331811156,C
0,3,male,25.907352434537174,0,0,6.069462238694245,S
0,3,male,30.519202033901873,1,0,14.78925212683226,S
0,2,male,11.051114467722531,0,0,5.674250581567799,Q
1,1,female,29.200114456997824,0,0,118.80615227933845,S
1,3,female,30.47941216336228,0,1,12.383742359751627,S
0,2,male,0.4,0,0,0.0,C
0,3,male,16.430692437547233,1,1,16.032137622946927,S
0,1,male,35.605326459164296,1,0,72.11052771729189,S
0,3,male,35.312351576238285,0,0,13.093418242628246,S
0,2,male,12.97171371220347,1,0,52.217131612729595,S
1,2,male,31.997496732246155,0,2,38.515532752370504,S
0,3,male,44.524904767726845,0,0,6.5486918276931085,S
0,3,male,40.967557905368025,1,1,17.819630334848082,S
0,2,male,28.318356088297946,0,0,31.61418766484437,C
0,3,male,22.91434345679776,0,1,14.147018252794371,S
1,3,female,20.574504977149687,1,0,19.72415582563194,S
1,1,female,36.48338685219003,0,0,62.50759818266734,S
1,1,male,28.39361284063144,1,0,78.10338570762698,S
0,1,male,38.8263580884819,1,1,78.35073293288058,C
0,2,male,31.612170290256703,0,0,26.571783805880344,S
0,1,male,41.5720772800379,1,0,109.99757007312373,S
0,3,male,31.071591727886652,0,0,0.0,C
1,3,female,28.39361284063144,0,0,4.888974549289511,S
0,3,female,28.39361284063144,0,0,42.0446249273608,S
0,3,male,28.39361284063144,1,0,11.269027160440253,C
1,3,female,52.080646412211024,0,1,8.17449856651834,C
1,3,male,28.39361284063144,0,1,0.0,C
0,2,male,4.8399545153062355,1,0,26.801926612700935,Q
0,3,male,28.39361284063144,0,0,22.09784760278219,S
0,3,male,40.89217723936251,1,1,4.883376238312469,C
1,3,female,25.644685948573052,0,0,9.292760777484933,S
0,2,male,22.275109419872656,0,0,36.006641386557206,S
0,3,female,50.01278697453802,1,0,0.0,Q
1,3,female,14.514336377434747,0,0,0.7842878780045446,S
